(R$ Milhões);;;;;;;;;;;;;;;;;;;;;;;;;;;;;;;;;;;;;;;;;;;;;
Descrição da Conta;2009;1T10;2T10;3T10;4T10;1T11;2T11;3T11;4T11;1T12;2T12;3T12;4T12;1T13;2T13;3T13;4T13;1T14;2T14;3T14;4T14;1T15;2T15;3T15;4T15;1T16;2T16;3T16;4T16;1T17;2T17;3T17;4T17;1T18;2T18;3T18;4T18;1T19;2T19;3T19;4T19;1T20;2T20;3T20;4T20
;;;;;;;;;;;;;;;;;;;;;;;;;;;;;;;;;;;;;;;;;;;;;
 Receita de Venda de Bens e/ou Serviços ;4210,60;931,90;1013,00;1188,60;1258,40;1126,10;1277,30;1317,50;1468,60;1369,80;1528,80;1613,10;1662,30;1477,60;1699,60;1758,40;1893,30;1783,50;1821,50;2056,00;2179,70;2130,30;2349,40;2546,30;2734,30;2416,30;2335,30;2238,10;2377,30;2134,20;2280,80;2435,10;2673,70;2551,50;3056,60;3237,30;3124,70;2932,40;3286,60;3349,60;3778,80;3714,40;4063,90;4801,30;4889,90
 Mercado Interno (Nota explicativa 22) ;2526,40;614,50;629,10;690,40;736,40;660,30;723,30;737,40;781,90;714,30;729,20;798,60;774,50;772,90;873,40;872,40;913,40;895,40;900,30;994,10;1086,90;1027,90;1051,50;1087,40;1060,50;994,80;947,20;991,10;1069,10;990,90;972,60;1008,20;1232,00;1128,60;1318,90;1375,40;1259,70;1252,20;1289,70;1378,10;1643,10;1692,40;1604,20;2085,20;2248,00
 Mercado Externo (Nota explicativa 22) ;1684,20;317,40;384,00;498,20;522,00;465,80;553,90;580,10;686,60;655,50;799,60;814,40;887,70;704,60;826,30;886,00;979,90;888,10;921,20;1061,90;1092,80;1102,40;1297,90;1459,00;1673,70;1421,50;1388,00;1247,00;1308,20;1143,30;1308,20;1426,90;1441,80;1422,90;1737,70;1861,90;1864,90;1680,20;1996,90;1971,50;2135,80;2022,00;2459,70;2716,00;2642,00
   ;;;;;;;;;;;;;;;;;;;;;;;;;;;;;;;;;;;;;;;;;;;;;
 Custo dos Bens e/ou Serviços Vendidos ;-2854,20;-623,30;-703,20;-811,40;-867,10;-815,50;-895,80;-899,20;-1022,90;-977,80;-1067,40;-1114,50;-1133,50;-1014,00;-1141,60;-1159,20;-1277,30;-1213,10;-1244,20;-1417,40;-1481,50;-1491,70;-1677,70;-1821,50;-2003,80;-1743,60;-1693,60;-1619,10;-1674,90;-1496,90;-1599,70;-1701,90;-1967,00;-1827,90;-2177,70;-2288,30;-2207,00;-2074,80;-2341,30;-2344,40;-2633,60;-2616,90;-2831,80;-3289,70;-3293,60
Materiais;0,65;0,63;0,61;0,62;0,64;0,64;0,65;0,65;0,66;0,64;0,63;0,64;0,65;0,64;0,63;0,64;0,64;0,65;0,64;0,65;0,65;0,65;0,64;0,65;0,66;0,65;0,64;0,64;0,66;0,63;0,63;0,64;0,68;0,66;0,67;0,67;0,68;0,64;0,64;0,65;0,70;0,64;0,68;0,70;0,69
Pessoal;0,20;0,25;0,24;0,23;0,22;0,22;0,22;0,22;0,21;0,23;0,23;0,22;0,21;0,23;0,23;0,22;0,22;0,23;0,23;0,22;0,22;0,21;0,21;0,21;0,20;0,21;0,22;0,21;0,20;0,23;0,23;0,22;0,19;0,22;0,21;0,21;0,20;0,24;0,23;0,23;0,20;0,23;0,20;0,19;0,20
Depreciação;0,05;0,04;0,06;0,05;0,05;0,05;0,05;0,05;0,04;0,04;0,04;0,04;0,04;0,05;0,04;0,04;0,04;0,04;0,04;0,04;0,04;0,05;0,04;0,04;0,04;0,04;0,05;0,05;0,05;0,04;0,04;0,04;0,03;0,04;0,03;0,03;0,03;0,04;0,04;0,04;0,03;0,04;0,03;0,03;0,03
Outros;0,10;0,09;0,10;0,10;0,10;0,09;0,09;0,09;0,09;0,08;0,09;0,09;0,09;0,09;0,10;0,10;0,10;0,08;0,09;0,09;0,09;0,09;0,10;0,11;0,10;0,09;0,09;0,10;0,10;0,10;0,10;0,10;0,09;0,09;0,09;0,10;0,09;0,09;0,09;0,09;0,07;0,09;0,09;0,08;0,08
 ;;;;;;;;;;;;;;;;;;;;;;;;;;;;;;;;;;;;;;;;;;;;;
 Resultado Bruto ;1356,40;308,60;309,80;377,20;391,30;310,70;381,40;418,30;445,70;391,90;461,40;498,50;528,80;463,60;558,00;599,20;616,00;570,40;577,30;638,50;698,20;638,60;671,70;724,80;730,40;672,80;641,70;619,00;702,40;637,40;681,10;733,20;706,80;723,60;879,00;949,00;917,70;857,60;945,30;1005,20;1145,20;1097,50;1232,10;1511,60;1596,30
   ;;;;;;;;;;;;;;;;;;;;;;;;;;;;;;;;;;;;;;;;;;;;;
 Despesas/Receitas Operacionais ;-733,80;-169,00;-180,10;-210,60;-224,60;-188,60;-216,80;-224,90;-262,70;-243,30;-259,60;-276,40;-293,00;-266,80;-299,10;-328,00;-331,10;-329,60;-326,10;-351,40;-383,00;-364,60;-397,10;-412,10;-433,60;-415,70;-400,70;-364,70;-391,00;-375,30;-380,90;-416,90;-402,90;-417,30;-490,30;-540,20;-514,50;-490,40;-507,00;-527,10;-581,00;-578,60;-612,60;-694,10;-735,90
 Despesas com Vendas ;-408,20;-93,10;-100,30;-121,60;-119,30;-116,30;-123,20;-130,00;-141,20;-142,80;-155,50;-157,00;-166,50;-157,00;-174,30;-186,40;-198,70;-196,70;-191,30;-205,60;-227,00;-206,80;-236,20;-245,00;-262,20;-242,10;-233,10;-222,40;-227,40;-204,40;-214,30;-238,40;-237,40;-242,60;-284,10;-312,90;-299,80;-290,80;-296,30;-309,10;-357,00;-349,10;-356,20;-395,80;-405,70
 Despesas Gerais e Administrativas ;-225,30;-57,90;-65,10;-71,10;-68,70;-58,20;-63,80;-66,00;-69,70;-67,10;-75,50;-81,10;-81,60;-73,30;-79,70;-85,60;-90,30;-88,70;-96,40;-97,50;-103,40;-106,30;-108,00;-119,30;-125,30;-118,90;-120,90;-109,60;-116,00;-114,00;-121,70;-125,90;-127,10;-129,50;-145,00;-154,60;-137,50;-138,50;-136,60;-135,50;-137,80;-155,70;-146,00;-169,10;-183,70
 Honorários dos Administradores ;-13,80;-3,90;-4,20;-4,00;-5,30;-3,40;-3,40;-3,40;-3,40;-3,80;-3,80;-4,00;-4,10;-4,40;-4,40;-4,60;-4,70;-4,80;-4,90;-4,90;-5,50;-5,60;-5,30;-5,40;-5,90;-5,90;-5,60;-5,40;-5,60;-5,90;-5,80;-5,90;-6,00;-6,00;-6,40;-6,40;-6,50;-6,70;-6,60;-6,60;-6,70;-7,00;-6,10;-6,20;-6,30
 Outras Despesas Administrativas ;-211,40;-54,00;-60,90;-67,20;-63,40;-54,80;-60,40;-62,60;-66,30;-63,30;-71,70;-77,10;-77,60;-68,90;-75,30;-81,00;-85,60;-83,90;-91,50;-92,60;-98,00;-100,80;-102,70;-114,00;-119,30;-113,00;-115,30;-104,10;-110,30;-108,10;-115,90;-120,00;-121,10;-123,40;-138,60;-148,20;-131,00;-131,80;-130,00;-128,80;-131,10;-148,70;-139,90;-162,90;-177,30
 Outras Receitas Operacionais ;12,40;8,50;2,10;5,50;3,90;8,70;2,00;0,50;5,90;5,00;8,20;1,20;4,20;5,60;5,00;2,40;3,50;1,80;1,70;2,10;10,20;3,50;2,90;14,40;7,50;4,50;4,10;2,10;4,90;2,10;10,40;5,30;5,40;3,40;9,40;3,90;5,90;4,30;6,20;4,50;15,30;7,90;4,00;3,80;30,70
 Outras Despesas Operacionais (Nota explicativa 25) ;-119,20;-26,50;-18,20;-23,90;-40,90;-22,80;-31,80;-29,30;-57,70;-38,30;-36,90;-39,60;-49,10;-42,10;-50,00;-58,50;-45,60;-46,10;-40,10;-50,40;-62,90;-54,90;-55,80;-62,20;-53,60;-59,20;-50,70;-34,80;-52,50;-59,00;-55,40;-58,00;-43,80;-48,90;-70,50;-78,60;-84,20;-65,40;-83,20;-87,00;-109,10;-81,70;-110,20;-139,90;-178,40
 Participação nos resultados - colaboradores ;-71,90;-19,00;-13,80;-20,60;-26,20;-17,80;-23,30;-23,30;-23,20;-21,40;-20,90;-26,20;-31,10;-26,00;-32,30;-35,10;-38,70;-31,10;-31,60;-36,60;-47,90;-30,80;-40,90;-41,90;-59,90;-37,30;-34,10;-29,30;-42,60;-36,50;-43,30;-47,80;-43,70;-37,20;-47,40;-57,00;-53,70;-42,20;-54,60;-60,30;-76,10;-60,40;-71,50;-98,60;-119,20
 Participação nos resultados - controladas no exterior ;-4,70;-1,10;-1,50;-1,60;-1,00;-1,00;-1,30;-1,40;-2,00;-1,50;-1,70;-2,60;-3,00;-2,60;-2,70;-3,40;-2,00;-4,30;-4,50;-6,90;-5,30;-6,30;-7,50;-6,80;-0,90;-7,40;-7,00;-8,90;-1,40;-7,70;-0,70;-7,60;-6,00;-6,00;-5,30;-10,10;-8,70;-8,80;-9,80;-12,90;-17,50;-16,30;-17,20;-17,00;-6,50
 Participação dos Administradores ;-4,60;-0,80;-0,40;-0,90;-2,20;-1,00;-1,40;-1,40;-2,40;-1,20;-2,00;-2,30;-4,40;-1,70;-5,30;-4,10;-4,50;-3,50;-2,50;-4,70;-4,30;-2,70;-5,90;-4,80;-6,10;-3,30;-1,20;1,40;-0,80;-4,20;-5,30;-3,80;-2,70;-3,80;-6,30;-8,20;-6,40;-5,30;-7,80;-6,60;-6,40;-5,80;-7,10;-6,10;-6,20
 Provisão/Reversão de processos tributários ;-20,30;-0,90;-1,60;4,70;-3,30;-0,80;0,60;2,60;-2,70;-4,40;-2,00;-3,50;-2,20;-1,50;-4,10;-5,90;1,10;-1,60;-0,70;10,50;-4,50;-0,90;-2,40;-2,10;1,00; -   ; -   ; -   ; -   ; -   ; -   ; -   ; -   ; -   ; -   ; -   ; -   ; -   ; -   ; -   ; -   ; -   ; -   ; -   ; -   
 Incentivos fiscais da Lei Rouanet ;-2,10;-0,40;-0,80;0,00;-1,30;-0,40;-0,60;0,00;-1,20;-0,90;-0,70;-1,00;-1,00;-0,90;-1,00;-1,60;-1,40;-1,50;-1,10;-1,40;-1,80;-1,30;-0,80;-1,30;-1,60;-0,40; -   ;-0,10;-1,90; -   ; -   ; -   ;-1,20; -   ; -   ; -   ; -   ; -   ; -   ; -   ; -   ; -   ; -   ; -   ; -   
 Plano baseado em ações ; -   ; -   ; -   ; -   ; -   ; -   ; -   ; -   ; -   ; -   ; -   ; -   ; -   ; -   ; -   ; -   ; -   ; -   ; -   ; -   ; -   ; -   ; -   ; -   ; -   ; -   ; -   ; -   ; -   ; -   ; -   ; -   ; -   ;-1,30;-1,60;-1,50;-1,70;-2,20;-1,50;-1,60;-1,60;-3,40;-2,30;-2,20;-4,20
 Outras ;-15,50;-4,40;-0,10;-5,50;-6,90;-1,80;-5,90;-5,90;-26,10;-8,80;-9,50;-4,00;-7,40;-9,30;-4,60;-8,30;-0,10;-4,00;0,20;-11,30;0,90;-12,90;1,60;-5,40;13,80;-10,70;-8,40;2,00;-5,80;-10,60;-6,00;1,30;9,60;-0,80;-10,00;-1,80;-13,70;-7,00;-9,40;-5,70;-7,50;4,20;-12,10;-15,90;-42,30
 Resultado de Equivalência Patrimonial ;6,40;-0,10;1,30;0,50;0,40; -   ; -   ; -   ; -   ; -   ; -   ; -   ; -   ; -   ; -   ; -   ; -   ; -   ; -   ; -   ; -   ; -   ; -   ; -   ; -   ; -   ; -   ; -   ; -   ; -   ; -   ; -   ; -   ;0,30; -   ;2,10;1,10; -   ;2,80; -   ;7,60; -   ;-4,20;6,80;1,30
   ;;;;;;;;;;;;;;;;;;;;;;;;;;;;;;;;;;;;;;;;;;;;;
 Resultado Antes do Resultado Financeiro e dos Tributos ;622,60;139,60;129,70;166,60;166,70;122,00;164,70;193,40;183,00;148,70;201,80;222,10;235,80;196,80;258,90;271,20;284,90;240,80;251,20;287,10;315,20;274,10;274,60;312,70;296,90;257,10;241,00;254,30;311,40;262,00;300,20;316,30;303,80;306,30;388,70;408,80;403,20;367,20;438,20;478,10;564,20;518,90;619,50;817,50;860,40
   ;;;;;;;;;;;;;;;;;;;;;;;;;;;;;;;;;;;;;;;;;;;;;
 Resultado Financeiro ;111,30;18,60;28,10;40,20;36,20;39,80;42,10;-8,00;29,00;45,90;-13,50;20,60;2,70;24,70;-2,50;26,50;24,40;28,50;32,30;41,60;31,20;41,70;53,50;-28,70;79,00;60,50;41,80;65,90;47,60;28,00;9,90;26,70;-6,60;27,90;-6,50;8,50;-39,40;-36,10;-4,50;-15,50;12,90;-0,80;-46,20;-32,00;9,20
 Receitas Financeiras (Nota explicativa 26) ;383,50;71,30;87,40;92,10;97,70;93,50;111,40;154,40;140,20;127,80;134,50;101,30;96,80;123,00;145,60;156,20;175,10;152,80;142,20;208,20;282,20;519,60;18,20;522,00;285,80;163,60;154,20;236,10;262,10;182,10;254,40;178,80;236,50;238,40;140,80;233,40;265,10;129,40;408,70;219,60;159,70;381,20;192,30;196,60;250,30
Rendimento de aplicações financeiras;165,70;41,00;46,30;56,70;61,00;66,30;71,40;89,00;86,30;75,00;57,90;50,70;39,30;46,40;55,40;58,00;59,40;71,00;69,10;81,80;91,90;103,10;116,30;122,50;119,30;127,30;122,40;154,00;152,70;147,10;127,60;119,20;100,30;93,80;84,30;91,10;81,20;56,00;50,00;51,00;39,20;26,50;19,70;16,60;22,10
Variação cambial;120,10;16,60;22,40;13,70;27,10;16,60;23,10;46,80;36,90;36,00;50,60;30,40;39,70;65,20;71,90;67,40;73,90;57,50;45,30;81,40;124,90;233,10;-91,70;173,70;96,00;120,40;90,20;43,70;88,50;47,70;70,40;73,70;84,80;102,60;80,90;113,50;170,10;74,70;231,90;157,90;47,00;299,50;168,90;148,40;148,80
Variação cambial - Fornecedores; -   ; -   ; -   ; -   ; -   ; -   ; -   ; -   ; -   ; -   ; -   ; -   ; -   ; -   ; -   ; -   ; -   ;31,60;25,60;21,40;24,90;35,60;19,20;20,50;14,90;32,70;26,90;12,30;13,80;12,10;17,00;16,50;7,10;10,40;17,50;15,40;17,70;11,10;11,30;13,80;18,30;12,20;28,00;18,60;23,50
Variação cambial - Clientes; -   ; -   ; -   ; -   ; -   ; -   ; -   ; -   ; -   ; -   ; -   ; -   ; -   ; -   ; -   ; -   ; -   ;9,50;5,50;28,20;36,60;69,00;19,80;139,20;28,70;26,50;21,80;18,30;29,70;8,00;34,10;2,40;33,90;11,80;88,20;59,50;27,80;35,00;27,80;68,00;21,80;124,30;89,00;44,80;28,60
Variação cambial - Empréstimos; -   ; -   ; -   ; -   ; -   ; -   ; -   ; -   ; -   ; -   ; -   ; -   ; -   ; -   ; -   ; -   ; -   ;9,70;12,40;13,80;14,10;25,30;7,50;13,20;14,80;39,40;48,60;6,30;32,00;17,10;4,20;34,60;22,40;38,70;-4,60;19,10;121,00;14,10;175,50;25,90;14,00;21,60;25,30;9,80;29,20
Variação cambial - Outras; -   ; -   ; -   ; -   ; -   ; -   ; -   ; -   ; -   ; -   ; -   ; -   ; -   ; -   ; -   ; -   ; -   ;6,80;1,80;17,90;49,30;103,30;-138,10;0,80;37,60;21,80;-7,10;6,80;13,00;10,40;15,10;20,20;21,50;41,70;-20,20;19,50;3,60;14,50;17,20;50,20;-7,00;141,50;26,60;75,20;67,50
Ajuste a valor presente - clientes;48,50;12,20;13,20;13,90;18,50;8,40;11,60;14,00;14,30;11,50;10,40;11,10;9,80;7,80;9,40;12,90;14,90;15,00;17,00;18,00;18,80;15,60;14,10;18,70;17,70;11,70;21,90;13,40;4,10; -   ; -   ; -   ; -   ; -   ; -   ; -   ; -   ; -   ; -   ; -   ; -   ; -   ; -   ; -   ; -   
PIS/COFINS s/ juros capital próprio;-12,30;-2,80;-3,20;-2,90;-2,70;-2,70;-3,00;-3,10;-3,00;-3,00;-3,20;-3,30;-3,10;-2,90;-3,10;-3,10;-3,30;-3,30;-3,70;-3,60;-3,90;-4,40;-5,40;-5,80;-6,50;-6,10;-7,70;-6,10;-9,60;-7,50;-7,10;-7,10;-7,50;-6,90;-6,80;-6,90;-9,40;-8,40;-7,70;-7,40;-7,10;-6,40;-7,70;-7,40;-7,70
PIS/COFINS s/ receitas financeiras; -   ; -   ; -   ; -   ; -   ; -   ; -   ; -   ; -   ; -   ; -   ; -   ; -   ; -   ; -   ; -   ; -   ; -   ; -   ; -   ; -   ; -   ; -   ;-6,10;-5,60;-6,20;-6,20;-7,40;-7,50;-7,60;-6,50;-6,30;-5,60;-5,70;-4,50;-4,80;-4,40;-3,20;-2,80;-3,20;-3,00;-2,30;-1,50;-1,70;-1,70
Derivativos; -   ; -   ; -   ; -   ; -   ; -   ; -   ; -   ; -   ; -   ; -   ; -   ; -   ; -   ; -   ; -   ; -   ;0,20;-0,20;12,20;29,30;163,80;-36,30;204,90;54,50;-99,90;-93,10;24,60;14,80;-21,90;49,80;-32,70;39,30;17,20;-29,40;26,30;16,30;0,20;123,40;4,20;45,40;58,00;3,30;31,40;35,70
PROEX - Equaliz. Taxa de Juros; -   ; -   ; -   ; -   ; -   ; -   ; -   ; -   ; -   ; -   ; -   ; -   ; -   ; -   ; -   ; -   ; -   ;0,80;4,90;6,20;8,80;6,10;2,40;5,50;3,00;6,50;5,00;0,80;4,60;2,50;3,60;1,90;2,20;3,70;6,90;2,80;3,70;4,50;1,50;6,60;13,00;8,50;10,50;8,30;10,60
Outras receitas;61,50;4,30;8,80;10,70;-6,20;4,80;8,30;7,70;5,80;8,20;18,80;12,30;11,20;6,50;12,10;21,00;30,30;11,70;9,80;12,20;50,50;2,40;18,80;8,60;7,40;9,90;21,70;13,20;14,60;21,90;16,50;30,20;22,90;33,80;9,40;11,50;7,60;5,70;12,40;10,60;25,10;-2,60;-0,90;1,00;42,50
 Despesas Financeiras (Nota explicativa 26) ;-272,10;-52,70;-59,30;-51,90;-61,50;-53,70;-69,30;-162,40;-111,20;-81,90;-148,00;-80,70;-94,10;-98,40;-148,10;-129,60;-150,70;-124,40;-109,90;-166,60;-251,10;-477,90;35,30;-550,70;-206,70;-103,10;-112,40;-170,30;-214,50;-154,10;-244,50;-152,00;-243,20;-210,50;-147,20;-224,90;-304,50;-165,50;-413,20;-235,20;-146,80;-381,90;-238,50;-228,60;-241,10
Juros s/ financiamentos e empréstimos;-122,40;-27,40;-27,30;-28,70;-39,40;-31,80;-33,80;-40,30;-49,30;-43,90;-46,60;-43,60;-40,70;-40,50;-47,60;-32,10;-35,70;-43,60;-40,50;-45,00;-56,70;-50,60;-48,10;-51,50;-57,20;-60,30;-60,20;-71,70;-75,40;-70,80;-74,40;-71,10;-70,90;-57,00;-59,90;-56,40;-56,90;-41,30;-57,70;-34,90;-28,60;-24,80;-23,40;-17,60;-11,10
Variação cambial;-90,50;-14,50;-23,30;-9,70;-15,50;-15,30;-14,50;-103,00;-44,80;-27,10;-91,80;-27,50;-45,50;-47,90;-85,70;-79,00;-78,00;-64,40;-49,90;-98,40;-162,10;-410,00;128,40;-460,30;-73,00;12,70;43,90;-56,20;-83,50;-30,30;-130,30;-24,30;-137,40;-111,10;-60,10;-128,90;-215,90;-81,80;-327,00;-171,60;-82,40;-321,40;-168,90;-154,40;-198,50
Variação cambial - Fornecedores; -   ; -   ; -   ; -   ; -   ; -   ; -   ; -   ; -   ; -   ; -   ; -   ; -   ; -   ; -   ; -   ; -   ;-14,50;-8,30;-9,10;-92,30;-26,10;-4,90;-44,40;-18,30;-12,50;-9,90;-9,70;-11,00;-6,50;-10,50;-4,70;-12,70;-6,90;-36,90;-27,90;-11,80;-10,50;-8,50;-35,00;-17,90;-75,90;-36,30;-23,90;-15,60
Variação cambial - Clientes; -   ; -   ; -   ; -   ; -   ; -   ; -   ; -   ; -   ; -   ; -   ; -   ; -   ; -   ; -   ; -   ; -   ;-9,10;-21,30;-7,80;-15,30;-23,20;-21,30;-18,60;-40,00;-54,30;-61,10;-9,70;-39,50;-24,80;-19,00;-23,60;-12,50;-20,00;-27,80;-40,40;-50,30;-21,70;-38,40;-32,20;-32,30;-37,90;-82,40;-45,10;-76,70
Variação cambial - Empréstimos; -   ; -   ; -   ; -   ; -   ; -   ; -   ; -   ; -   ; -   ; -   ; -   ; -   ; -   ; -   ; -   ; -   ;-17,10;1,40;-48,90;-72,80;-243,20;44,70;-380,90;8,70;113,70;111,10;-35,90;-13,50;19,30;-84,40;23,60;-80,30;-47,00;-13,00;-40,00;-130,30;-26,90;-261,60;-44,10;-44,30;-139,90;-30,10;-13,10;-2,60
Variação cambial - Outras; -   ; -   ; -   ; -   ; -   ; -   ; -   ; -   ; -   ; -   ; -   ; -   ; -   ; -   ; -   ; -   ; -   ;-23,70;-21,70;-32,50;18,30;-117,50;109,90;-16,40;-23,40;-34,20;3,70;-1,00;-19,50;-18,40;-16,40;-19,60;-32,00;-37,20;17,70;-20,50;-23,60;-22,70;-18,50;-60,20;12,10;-67,60;-20,10;-72,30;-103,50
Ajuste a valor presente - fornecedores;-11,20;-4,00;-2,20;-2,50;-3,50;-4,70;-4,40;-4,80;-3,90;-4,40;-3,40;-3,00;-2,50;-3,20;-2,10;-2,50;-4,50;-5,40;-5,00;-5,80;-5,70;-6,00;-7,70;-8,90;-9,90;-7,60;-8,80;-8,60;-4,50; -   ; -   ; -   ; -   ; -   ; -   ; -   ; -   ; -   ; -   ; -   ; -   ; -   ; -   ; -   ; -   
Derivativos; -   ; -   ; -   ; -   ; -   ; -   ; -   ; -   ; -   ; -   ; -   ; -   ; -   ; -   ; -   ; -   ; -   ;0,10;-1,10;1,20;-11,00;-7,50;-15,30;-10,90;-28,50;-39,80;-63,00;-22,20;-40,50;-35,90;-22,40;-31,40;-10,60;-27,30;-15,40;-28,90;-1,90;-23,10;-12,70;-10,60;-20,60;-20,20;-30,00;-35,80;-12,20
Outras despesas;-48,00;-6,80;-6,40;-11,00;-3,10;-1,90;-16,60;-14,20;-13,20;-6,40;-6,20;-6,50;-5,50;-6,80;-12,70;-16,00;-32,40;-11,00;-13,40;-18,60;-15,60;-3,80;-22,10;-19,10;-38,10;-8,20;-24,30;-11,60;-10,60;-17,10;-17,40;-25,20;-24,20;-15,10;-11,90;-10,80;-29,90;-19,40;-15,80;-18,00;-15,20;-15,60;-16,10;-20,80;-19,30
 ;;;;;;;;;;;;;;;;;;;;;;;;;;;;;;;;;;;;;;;;;;;;;
 Resultado Antes dos Tributos sobre o Lucro ;733,90;158,20;157,80;206,80;202,90;161,90;206,80;185,40;212,10;194,60;188,30;242,70;238,50;221,40;256,50;297,70;309,30;269,30;283,60;328,70;346,30;315,70;328,10;284,00;375,90;317,60;282,80;320,10;359,00;290,00;310,20;343,10;297,20;334,20;382,20;417,30;363,70;331,10;433,70;462,60;577,10;518,20;573,30;785,50;869,70
   ;;;;;;;;;;;;;;;;;;;;;;;;;;;;;;;;;;;;;;;;;;;;;
 IRPJ e CSLL calculados a alíquota nominal (Nota explicativa 27) ;-251,10;-53,80;-52,60;-71,30;-69,00;-55,00;-70,30;-63,00;-72,10;-66,20;-64,00;-82,50;-81,10;-75,30;-87,20;-101,20;-105,20;-91,60;-96,40;-111,80;-117,80;-107,40;-111,60;-96,60;-127,80;-108,00;-96,10;-108,80;-122,10;-98,60;-105,50;-116,60;-101,00;-113,60;-130,00;-141,90;-123,70;-112,60;-147,50;-157,30;-196,20;-176,20;-194,90;-267,10;-295,70
   ;;;;;;;;;;;;;;;;;;;;;;;;;;;;;;;;;;;;;;;;;;;;;
 Resultado de investimentos em controladas ;2,60;-0,60;0,70;-1,90;-0,30;0,20;-0,70;0,20;0,40;-2,30;-0,60;0,10;0,40;-1,10;-1,50;-2,00;0,50;-1,00;0,70;-0,90;1,60;-3,80;0,10;-0,40;3,60;-1,30;-1,40;2,00;6,00;0,90;0,80;-2,60;-3,80;0,30;-0,40;-0,20;5,10;0,80;2,30;2,50;-6,00;4,40;0,70;5,90;3,80
 Diferença de alíquotas s/ resultados no exterior ;-8,80;-1,10;-1,20;-2,40;-6,00;-0,40;-1,90;4,00;-8,10;4,50;-8,80;4,00;-1,90;3,50;5,30;-3,40;-3,30;-2,70;-1,80;3,40;-10,00;-7,70;0,60;44,60;66,30;36,50;41,90;14,80;30,20;16,20;24,50;30,80;33,80;25,90;32,30;58,10;58,00;44,50;49,30;61,40;65,50;51,90;84,70;89,10;92,80
 Incentivos fiscais ;20,00;5,30;4,90;5,40;6,10;6,00;7,90;8,70;10,80;5,00;7,30;16,40;12,10;11,50;13,20;17,10;17,60;14,10;18,80;19,60;26,20;24,80;18,10;22,50;18,70;11,70;13,60;16,40;17,60;14,80;16,20;20,10;30,80;16,00;24,80;24,10;25,00;13,40;33,50;30,40;36,00;26,60;25,10;57,40;53,60
 Crédito Financeiro da Lei de Informática - IRPJ/CSLL ; -   ; -   ; -   ; -   ; -   ; -   ; -   ; -   ; -   ; -   ; -   ; -   ; -   ; -   ; -   ; -   ; -   ; -   ; -   ; -   ; -   ; -   ; -   ; -   ; -   ; -   ; -   ; -   ; -   ; -   ; -   ; -   ; -   ; -   ; -   ; -   ; -   ; -   ; -   ; -   ; -   ;15,50;15,20;43,10;-73,80
 Reintegra ; -   ; -   ; -   ; -   ; -   ; -   ; -   ; -   ; -   ; -   ; -   ; -   ; -   ; -   ; -   ; -   ; -   ; -   ; -   ; -   ; -   ;3,00;1,80;1,50;1,90;0,20;0,10;0,10;0,10;2,60;3,20;3,40;3,20;2,90;3,50;2,90;0,90;0,00;0,20;0,20;0,20; -   ; -   ; -   ; -   
 Juros sobre o capital próprio ;34,90;10,70;12,40;11,70;12,40;14,40;16,10;17,40;17,40;16,10;16,10;16,30;14,70;13,70;15,00;16,20;17,90;17,70;19,60;19,70;21,00;23,00;26,80;29,70;32,30;30,40;36,60;31,90;43,20;35,80;33,20;31,90;31,40;28,80;27,90;28,00;36,80;33,10;30,60;29,20;27,60;21,60;27,30;25,00;26,70
 Ajuste de consolidação - Lucros a realizar ; -   ; -   ; -   ; -   ; -   ; -   ; -   ; -   ; -   ; -   ; -   ; -   ; -   ; -   ; -   ; -   ; -   ; -   ; -   ; -   ; -   ; -   ; -   ; -   ; -   ; -   ; -   ; -   ; -   ;1,70;-3,80;6,50; -   ; -   ; -   ; -   ;-15,90; -   ; -   ; -   ; -   ; -   ; -   ; -   ; -   
 Provisão IRPJ/CSLL (Lei do Bem) ; -   ; -   ; -   ; -   ; -   ; -   ; -   ; -   ; -   ; -   ; -   ; -   ; -   ; -   ; -   ; -   ; -   ; -   ; -   ; -   ; -   ; -   ;-0,80; -   ; -   ;-6,90;-15,40;-15,40;-15,30;-1,50;-1,70;-1,70;-1,70; -   ; -   ; -   ;-0,70; -   ; -   ; -   ; -   ; -   ; -   ; -   ; -   
 Outros Ajustes ;28,40;1,70;-5,10;1,20;0,70;-2,80;0,80;7,50;3,50;-0,50;3,40;-10,00;2,10;-0,70;3,50;5,80;0,40;1,50;3,70;3,90;-3,10;3,00;0,00;-17,20;12,80;7,00;-3,90;-3,10;5,60;-5,40;-1,90;-1,90;6,60;-6,40;-1,30;-8,30;-12,50;-2,10;-6,90;-4,50;0,30;-8,10;-4,90;-11,40;10,90
   ;;;;;;;;;;;;;;;;;;;;;;;;;;;;;;;;;;;;;;;;;;;;;
 Imposto de Renda e Contribuição Social sobre o Lucro ;-173,90;-37,70;-40,90;-57,40;-56,10;-37,60;-48,00;-25,20;-48,30;-43,30;-46,50;-55,80;-53,70;-48,30;-51,70;-67,50;-72,00;-62,00;-55,50;-66,10;-82,00;-64,90;-64,90;-15,90;7,80;-30,40;-24,60;-62,10;-34,70;-33,50;-35,10;-30,20;-0,80;-46,10;-43,20;-37,20;-26,90;-22,90;-38,50;-38,00;-72,60;-64,20;-46,80;-131,90;-107,80
 Corrente ;-194,30;-25,50;-40,80;-50,40;-41,50;-40,10;-58,90;-37,40;-46,60;-48,50;-56,20;-61,90;-62,30;-51,30;-59,60;-92,30;-71,70;-70,70;-53,10;-77,70;-70,20;-76,30;-48,50;-99,70;-9,60;-50,20;-42,00;-83,50;-69,80;-33,00;-56,70;-48,20;-29,80;-28,00;-71,70;-59,70;-28,80;-29,40;-51,50;-45,40;-90,80;-52,90;-104,40;-161,90;-181,30
 Diferido ;20,30;-12,30;-0,10;-6,90;-14,70;2,50;10,90;12,20;-1,70;5,20;9,70;6,10;8,60;3,00;7,90;24,80;-0,40;8,70;-2,40;11,60;-11,90;11,40;-16,40;83,80;17,40;19,80;17,40;21,40;35,20;-0,50;21,70;18,00;29,00;-18,10;28,50;22,50;1,90;6,50;13,10;7,30;18,20;-11,40;57,70;30,00;73,50
   ;;;;;;;;;;;;;;;;;;;;;;;;;;;;;;;;;;;;;;;;;;;;;
 Resultado Líquido das Operações Continuadas ;559,90;120,50;117,00;149,40;146,80;124,30;158,80;160,20;163,80;151,30;141,80;186,90;184,80;173,10;204,80;230,20;237,30;207,30;228,10;262,60;264,30;250,80;263,20;268,10;383,70;287,30;258,20;258,00;324,40;256,50;275,10;312,90;296,40;288,10;339,00;380,10;336,90;308,20;395,30;424,50;504,40;454,00;526,50;653,60;761,90
   ;;;;;;;;;;;;;;;;;;;;;;;;;;;;;;;;;;;;;;;;;;;;;
 Lucro/Prejuízo Consolidado do Período ;559,90;120,50;117,00;149,40;146,80;124,30;158,80;160,20;163,80;151,30;141,80;186,90;184,80;173,10;204,80;230,20;237,30;207,30;228,10;262,60;264,30;250,80;263,20;268,10;383,70;287,30;258,20;258,00;324,40;256,50;275,10;312,90;296,40;288,10;339,00;380,10;336,90;308,20;395,30;424,50;504,40;454,00;526,50;653,60;761,90
 Atribuído a Sócios da Empresa Controladora ;550,50;119,60;116,50;142,10;141,50;121,60;154,60;154,60;156,20;148,20;139,80;184,80;183,20;172,30;205,00;228,80;237,40;204,90;228,00;258,60;263,30;245,90;260,90;265,40;383,90;282,40;255,00;257,00;323,20;257,70;272,20;312,00;300,30;285,00;336,60;381,40;335,30;306,80;389,00;418,20;500,50;440,00;514,40;644,20;742,20
 Atribuído a Sócios Não Controladores ;9,40;0,80;0,40;7,30;5,30;2,70;4,20;5,60;7,50;3,00;2,00;2,20;1,70;0,80;-0,20;1,50;-0,20;2,40;0,10;4,00;1,00;4,90;2,30;2,70;-0,20;4,90;3,20;1,00;1,20;-1,20;2,90;0,90;-3,80;3,10;2,40;-1,30;1,60;1,40;6,30;6,30;4,00;14,00;12,10;9,40;19,60
   ;;;;;;;;;;;;;;;;;;;;;;;;;;;;;;;;;;;;;;;;;;;;;
 Lucro por Ação - (Reais / Ação) ; -   ; -   ; -   ; -   ; -   ; -   ; -   ; -   ; -   ; -   ; -   ; -   ; -   ; -   ; -   ; -   ; -   ; -   ; -   ; -   ; -   ; -   ; -   ; -   ; -   ; -   ; -   ;;; -   ; -   ; -   ; -   ; -   ; -   ; -   ; -   ;             -   ; -   ;             -   ; -   ;             -   ; -   ;             -   ;             -   
 Lucro Básico por Ação ; -   ; -   ; -   ; -   ; -   ; -   ; -   ; -   ; -   ; -   ; -   ; -   ; -   ; -   ; -   ; -   ; -   ; -   ; -   ; -   ; -   ; -   ; -   ; -   ; -   ; -   ; -   ;;; -   ; -   ; -   ; -   ; -   ; -   ; -   ; -   ;             -   ; -   ;             -   ; -   ;             -   ; -   ;             -   ;             -   
 ON ;0,45;0,10;0,09;0,11;0,12;0,10;0,12;0,12;0,13;0,12;0,11;0,15;0,15;0,14;0,13;0,14;0,15;0,13;0,14;0,16;0,16;0,15;0,16;0,16;0,24;0,18;0,16;0,12;0,15;0,12;0,13;0,15;0,14;0,14;0,16;0,18;0,16;0,15;0,19;0,20;0,24;0,21;0,25;0,31;0,35
 Lucro Diluído por Ação ; -   ; -   ; -   ; -   ; -   ; -   ; -   ; -   ; -   ; -   ; -   ; -   ; -   ; -   ; -   ; -   ; -   ; -   ; -   ; -   ; -   ; -   ; -   ; -   ; -   ; -   ; -   ; -   ; -   ; -   ; -   ; -   ; -   ; -   ; -   ; -   ; -   ; -   ; -   ; -   ; -   ; -   ; -   ; -   ; -   
 ON ;0,45;0,10;0,09;0,11;0,12;0,10;0,12;0,12;0,13;0,12;0,11;0,15;0,15;0,14;0,13;0,14;0,15;0,13;0,14;0,16;0,16;0,15;0,16;0,16;0,24;0,17;0,16;0,12;0,15;0,12;0,13;0,15;0,14;0,14;0,16;0,18;0,16;0,15;0,19;0,20;0,24;0,21;0,25;0,31;0,35
 ;;;;;;;;;;;;;;;;;;;;;;;;;;;;;;;;;;;;;;;;;;;;;
 ;;;;;;;;;;;;;;;;;;;;;;;;;;;;;;;;;;;;;;;;;;;;;
NATUREZA DA DESPESA (Nota explicativa 24);;;;;;;;;;;;;;;;;;;;;;;;;;;;;;;;;;;;;;;;;;;;;
Depreciação e Amortização;-191,10;-44,10;-44,90;-46,90;-48,10;-47,50;-45,70;-46,20;-48,60;-49,60;-52,20;-52,60;-54,00;-52,10;-53,60;-55,80;-56,80;-58,80;-60,30;-63,60;-67,80;-74,30;-77,50;-82,40;-85,10;-85,20;-85,10;-83,80;-89,20;-69,00;-70,40;-72,10;-72,40;-73,40;-76,80;-80,20;-86,60;-94,60;-99,00;-101,00;-102,30;-100,20;-112,80;-117,80;-120,60
Despesas com Pessoal;-855,40;-224,00;-243,60;-260,90;-250,50;-268,20;-285,10;-288,70;-290,10;-332,80;-357,30;-344,70;-318,10;-345,90;-374,20;-377,90;-383,50;-412,30;-430,10;-438,60;-428,10;-480,30;-521,80;-532,40;-525,60;-564,70;-567,40;-517,80;-498,20;-525,00;-560,10;-567,30;-565,90;-599,20;-674,00;-693,40;-655,80;-716,90;-767,20;-760,40;-753,10;-837,70;-832,40;-905,20;-957,10
Matérias Primas e Materiais de Uso e Consumo;-1848,20;-380,90;-426,90;-524,80;-581,50;-526,60;-581,40;-587,40;-696,80;-629,10;-666,30;-733,30;-768,90;-647,10;-718,60;-750,90;-845,30;-783,10;-786,60;-944,20;-988,70;-968,40;-1068,20;-1198,10;-1405,00;-1138,90;-1087,80;-1035,20;-1100,70;-935,90;-1003,30;-1087,00;-1345,00;-1200,40;-1467,50;-1523,00;-1489,50;-1329,40;-1444,10;-1465,30;-1775,20;-1704,70;-1901,60;-2294,20;-2252,90
Fretes e Seguros;-93,80;-19,40;-23,00;-33,00;-26,50;-32,00;-38,20;-42,20;-12,00;-43,40;-45,20;-49,70;-43,40;-43,90;-46,00;-62,70;-61,60;-55,30;-63,00;-78,80;-69,10;-62,30;-64,30;-84,20;-33,60;-59,30;-57,80;-60,00;-56,90;-54,90;-58,40;-67,00;-71,80;-64,60;-77,50;-91,20;-82,70;-78,70;-99,80;-114,00;-142,10;-95,80;-39,50;-183,50;-112,50
Outras Despesas;-594,80;-123,80;-145,00;-156,40;-185,00;-129,80;-162,10;-159,60;-238,00;-166,10;-205,90;-210,60;-242,00;-191,80;-248,30;-240,00;-261,20;-233,20;-230,30;-168,80;-385,70;-270,90;-342,90;-336,50;-388,10;-311,30;-296,20;-287,00;-321,00;-287,50;-288,40;-325,40;-314,70;-307,80;-372,20;-442,80;-407,90;-345,60;-441,10;-430,80;-449,60;-457,10;-554,10;-489,90;-587,70
 ;;;;;;;;;;;;;;;;;;;;;;;;;;;;;;;;;;;;;;;;;;;;;
FUNÇÃO DA DESPESA (Nota explicativa 24);;;;;;;;;;;;;;;;;;;;;;;;;;;;;;;;;;;;;;;;;;;;;
Custo dos Produtos e Serviços Vendidos;-2854,20;-623,30;-703,20;-811,40;-867,10;-815,50;-895,80;-899,20;-1022,90;-977,80;-1067,40;-1114,50;-1133,50;-1014,00;-1141,60;-1159,20;-1277,30;-1213,10;-1244,20;-1417,40;-1481,50;-1491,70;-1677,70;-1821,50;-2003,80;-1743,60;-1693,60;-1619,10;-1674,90;-1496,90;-1599,70;-1701,90;-1967,00;-1827,90;-2177,70;-2288,30;-2207,00;-2074,80;-2341,30;-2344,40;-2633,60;-2616,90;-2831,80;-3289,70;-3293,60
Despesas com Vendas;-408,20;-93,10;-100,30;-121,60;-119,30;-116,30;-123,20;-130,00;-141,20;-142,80;-155,50;-157,00;-166,50;-157,00;-174,30;-186,40;-198,70;-196,70;-191,30;-205,60;-227,00;-206,80;-236,20;-245,00;-262,20;-242,10;-233,10;-222,40;-227,40;-204,40;-214,30;-238,40;-237,40;-242,60;-284,10;-312,90;-299,80;-290,80;-296,30;-309,10;-357,00;-349,10;-356,20;-395,80;-405,70
Despesas Gerais e Administrativas;-211,40;-54,00;-60,90;-67,20;-63,40;-54,80;-60,40;-62,60;-66,30;-63,30;-71,70;-77,10;-77,60;-68,90;-75,30;-81,00;-85,60;-83,90;-91,50;-92,60;-98,00;-100,80;-102,70;-114,00;-119,30;-113,00;-115,30;-104,10;-110,30;-108,10;-115,90;-120,00;-121,10;-123,40;-138,60;-148,20;-131,00;-131,80;-130,00;-128,80;-131,10;-148,70;-139,90;-162,90;-177,30
Honorários dos Administradores;-13,80;-3,90;-4,20;-4,00;-5,30;-3,40;-3,40;-3,40;-3,40;-3,80;-3,80;-4,00;-4,10;-4,40;-4,40;-4,60;-4,70;-4,80;-4,90;-4,90;-5,50;-5,60;-5,30;-5,40;-5,90;-5,90;-5,60;-5,40;-5,60;-5,90;-5,80;-5,90;-6,00;-6,00;-6,40;-6,40;-6,50;-6,70;-6,60;-6,60;-6,70;-6,90;-6,10;-6,20;-6,30
Outras Despesas;-102,20;-18,00;-16,10;-18,40;-37,00;-14,10;-29,80;-28,90;-51,70;-33,30;-28,70;-38,30;-44,90;-36,50;-45,00;-56,10;-42,10;-44,20;-38,40;26,50;-127,50;-51,40;-52,90;-47,80;-46,10;-54,70;-46,60;-32,70;-47,70;-57,00;-45,00;-52,60;-38,50;-45,50;-61,10;-74,70;-78,30;-61,10;-77,00;-82,60;-93,80;-73,80;-106,20;-136,00;-147,70
Resultado da equivalência patrimonial;6,40;-0,10;1,30;0,50;0,40; -   ; -   ; -   ; -   ; -   ; -   ; -   ; -   ; -   ; -   ; -   ; -   ; -   ; -   ; -   ; -   ; -   ; -   ; -   ; -   ; -   ; -   ; -   ; -   ; -   ; -   ; -   ; -   ; -   ; -   ; -   ; -   ; -   ; -   ; -   ; -   ; -   ; -   ; -   ; -   
;;;;;;;;;;;;;;;;;;;;;;;;;;;;;;;;;;;;;;;;;;;;;
;;;;;;;;;;;;;;;;;;;;;;;;;;;;;;;;;;;;;;;;;;;;;
;;;;;;;;;;;;;;;;;;;;;;;;;;;;;;;;;;;;;;;;;;;;;
;;;;;;;;;;;;;;;;;;;;;;;;;;;;;;;;;;;;;;;;;;;;;
;;;;;;;;;;;;;;;;;;;;;;;;;;;;;;;;;;;;;;;;;;;;;
;;;;;;;;;;;;;;;;;;;;;;;;;;;;;;;;;;;;;;;;;;;;;
;;;;;;;;;;;;;;;;;;;;;;;;;;;;;;;;;;;;;;;;;;;;;
;;;;;;;;;;;;;;;;;;;;;;;;;;;;;;;;;;;;;;;;;;;;;
;;;;;;;;;;;;;;;;;;;;;;;;;;;;;;;;;;;;;;;;;;;;;
;;;;;;;;;;;;;;;;;;;;;;;;;;;;;;;;;;;;;;;;;;;;;
;;;;;;;;;;;;;;;;;;;;;;;;;;;;;;;;;;;;;;;;;;;;;
;;;;;;;;;;;;;;;;;;;;;;;;;;;;;;;;;;;;;;;;;;;;;
;;;;;;;;;;;;;;;;;;;;;;;;;;;;;;;;;;;;;;;;;;;;;
;;;;;;;;;;;;;;;;;;;;;;;;;;;;;;;;;;;;;;;;;;;;;
;;;;;;;;;;;;;;;;;;;;;;;;;;;;;;;;;;;;;;;;;;;;;
;;;;;;;;;;;;;;;;;;;;;;;;;;;;;;;;;;;;;;;;;;;;;
;;;;;;;;;;;;;;;;;;;;;;;;;;;;;;;;;;;;;;;;;;;;;
;;;;;;;;;;;;;;;;;;;;;;;;;;;;;;;;;;;;;;;;;;;;;
;;;;;;;;;;;;;;;;;;;;;;;;;;;;;;;;;;;;;;;;;;;;;
;;;;;;;;;;;;;;;;;;;;;;;;;;;;;;;;;;;;;;;;;;;;;
;;;;;;;;;;;;;;;;;;;;;;;;;;;;;;;;;;;;;;;;;;;;;
;;;;;;;;;;;;;;;;;;;;;;;;;;;;;;;;;;;;;;;;;;;;;
;;;;;;;;;;;;;;;;;;;;;;;;;;;;;;;;;;;;;;;;;;;;;
;;;;;;;;;;;;;;;;;;;;;;;;;;;;;;;;;;;;;;;;;;;;;
;;;;;;;;;;;;;;;;;;;;;;;;;;;;;;;;;;;;;;;;;;;;;
;;;;;;;;;;;;;;;;;;;;;;;;;;;;;;;;;;;;;;;;;;;;;
;;;;;;;;;;;;;;;;;;;;;;;;;;;;;;;;;;;;;;;;;;;;;
;;;;;;;;;;;;;;;;;;;;;;;;;;;;;;;;;;;;;;;;;;;;;
;;;;;;;;;;;;;;;;;;;;;;;;;;;;;;;;;;;;;;;;;;;;;
